{
  "arch": "cnn_bilstm",
  "window_size": 500,
  "step": 100,
  "epochs": 30,
  "batch_size": 32,
  "lr": 0.001,
  "test_accuracy": 0.9933554817275747,
  "best_val_accuracy": 0.9933554530143738,
  "best_val_loss": 0.21167224645614624
}