{
  "arch": "cnn_bilstm",
  "window_size": 500,
  "step": 100,
  "epochs": 30,
  "batch_size": 16,
  "lr": 0.0003,
  "test_accuracy": 0.8637873754152824,
  "best_val_accuracy": 0.840531587600708,
  "best_val_loss": 0.6338799595832825
}