{
  "arch": "cnn_deeper",
  "window_size": 500,
  "step": 100,
  "epochs": 30,
  "batch_size": 32,
  "lr": 0.0003,
  "test_accuracy": 0.9966777408637874,
  "best_val_accuracy": 1.0,
  "best_val_loss": 0.09174887835979462
}