{
  "arch": "lstm_deeper",
  "window_size": 500,
  "step": 100,
  "epochs": 30,
  "batch_size": 16,
  "lr": 0.0003,
  "test_accuracy": 0.9235880398671097,
  "best_val_accuracy": 0.9269102811813354,
  "best_val_loss": 0.24279546737670898
}