{
  "arch": "lstm_deeper",
  "window_size": 500,
  "step": 100,
  "epochs": 30,
  "batch_size": 32,
  "lr": 0.0003,
  "test_accuracy": 0.7973421926910299,
  "best_val_accuracy": 0.8073089718818665,
  "best_val_loss": 0.5343114137649536
}